source_id,midi_note,velocity,ck_deltatime,dif_deltatime,
177,64,0,0.0,0,
128,60,66,0,0.168744054,
144,70,71,0,0,
144,60,62,0,0,
144,63,71,0,0,
144,70,73,0,0,
144,60,64,0,0,
128,60,65,0,0.131270055,
144,70,68,0,0,
128,70,59,0,0.18227579700000002,
128,73,64,0,0.149990956,
128,66,68,0,0.09478443,
144,73,71,0,0,
144,66,64,0,0,
128,66,66,0,0.112481626,
144,73,71,0,0,
144,66,62,0,0,
128,66,67,0,0.12918342400000002,
128,65,79,0,0.057278604000000004,
